Workbook

Sheet Raw data
A1: Student Marks Analysis with Mini Pivot Table
A3: Roll No | B3: Name | C3: Math | D3: Physics | E3: Chemistry | F3: Biology | G3: English | H3: Total | I3: Percentage | J3: Pass/Fail
A4: 1 | B4: Amit Sharma | C4: 78 | D4: 72 | E4: 85 | F4: 80 | G4: 75 | H4: =SUM(C4:G4) -> 390 | I4: =H4/500*100 -> 78 | J4: =IF(I4>=60,"Pass","Fail") -> Pass
A5: 2 | B5: Priya Singh | C5: 85 | D5: 88 | E5: 90 | F5: 82 | G5: 80 | H5: =SUM(C5:G5) -> 425 | I5: =H5/500*100 -> 85 | J5: =IF(I5>=60,"Pass","Fail") -> Pass
A6: 3 | B6: Ravi Kumar | C6: 65 | D6: 60 | E6: 55 | F6: 58 | G6: 62 | H6: =SUM(C6:G6) -> 300 | I6: =H6/500*100 -> 60 | J6: =IF(I6>=60,"Pass","Fail") -> Pass
A7: 4 | B7: Meena Patel | C7: 92 | D7: 89 | E7: 88 | F7: 85 | G7: 87 | H7: =SUM(C7:G7) -> 441 | I7: =H7/500*100 -> 88.2 | J7: =IF(I7>=60,"Pass","Fail") -> Pass
A8: 5 | B8: Deepak Joshi | C8: 50 | D8: 45 | E8: 48 | F8: 52 | G8: 47 | H8: =SUM(C8:G8) -> 242 | I8: =H8/500*100 -> 48.4 | J8: =IF(I8>=60,"Pass","Fail") -> Fail
A9: 6 | B9: Sunita Das | C9: 88 | D9: 85 | E9: 90 | F9: 87 | G9: 89 | H9: =SUM(C9:G9) -> 439 | I9: =H9/500*100 -> 87.8 | J9: =IF(I9>=60,"Pass","Fail") -> Pass
A10: 7 | B10: Manoj Tiwari | C10: 70 | D10: 68 | E10: 65 | F10: 72 | G10: 69 | H10: =SUM(C10:G10) -> 344 | I10: =H10/500*100 -> 68.8 | J10: =IF(I10>=60,"Pass","Fail") -> Pass
A11: 8 | B11: Neha Verma | C11: 95 | D11: 92 | E11: 94 | F11: 90 | G11: 93 | H11: =SUM(C11:G11) -> 464 | I11: =H11/500*100 -> 92.8 | J11: =IF(I11>=60,"Pass","Fail") -> Pass
A12: 9 | B12: Rohan Mehta | C12: 60 | D12: 55 | E12: 58 | F12: 62 | G12: 57 | H12: =SUM(C12:G12) -> 292 | I12: =H12/500*100 -> 58.4 | J12: =IF(I12>=60,"Pass","Fail") -> Fail
A13: 10 | B13: Anjali Gupta | C13: 82 | D13: 78 | E13: 80 | F13: 75 | G13: 85 | H13: =SUM(C13:G13) -> 400 | I13: =H13/500*100 -> 80 | J13: =IF(I13>=60,"Pass","Fail") -> Pass
A14: 11 | B14: Arjun Malhotra | C14: 75 | D14: 72 | E14: 70 | F14: 74 | G14: 76 | H14: =SUM(C14:G14) -> 367 | I14: =H14/500*100 -> 73.4 | J14: =IF(I14>=60,"Pass","Fail") -> Pass
A15: 12 | B15: Pooja Nair | C15: 90 | D15: 88 | E15: 92 | F15: 89 | G15: 91 | H15: =SUM(C15:G15) -> 450 | I15: =H15/500*100 -> 90 | J15: =IF(I15>=60,"Pass","Fail") -> Pass
... A38: 35 | B38: Rohit Gupta | C38: 76 | D38: 74 | E38: 78 | F38: 80 | G38: 77 | H38: =SUM(C38:G38) -> 385 | I38: =H38/500*100 -> 77 | J38: =IF(I38>=60,"Pass","Fail") -> Pass

Sheet Sheet2
A1: ='Raw data'!A3 -> Roll No | B1: ='Raw data'!B3 -> Name | C1: ='Raw data'!C3 -> Math | D1: ='Raw data'!D3 -> Physics | E1: ='Raw data'!E3 -> Chemistry | F1: ='Raw data'!F3 -> Biology | G1: ='Raw data'!G3 -> English | H1: ='Raw data'!H3 -> Total
A2: ='Raw data'!A4 -> 1 | B2: ='Raw data'!B4 -> Amit Sharma | C2: ='Raw data'!C4 -> 78 | D2: ='Raw data'!D4 -> 72 | E2: ='Raw data'!E4 -> 85 | F2: ='Raw data'!F4 -> 80 | G2: ='Raw data'!G4 -> 75 | H2: ='Raw data'!H4 -> 390
A3: ='Raw data'!A5 -> 2 | B3: ='Raw data'!B5 -> Priya Singh | C3: ='Raw data'!C5 -> 85 | D3: ='Raw data'!D5 -> 88 | E3: ='Raw data'!E5 -> 90 | F3: ='Raw data'!F5 -> 82 | G3: ='Raw data'!G5 -> 80 | H3: ='Raw data'!H5 -> 425
A4: ='Raw data'!A6 -> 3 | B4: ='Raw data'!B6 -> Ravi Kumar | C4: ='Raw data'!C6 -> 65 | D4: ='Raw data'!D6 -> 60 | E4: ='Raw data'!E6 -> 55 | F4: ='Raw data'!F6 -> 58 | G4: ='Raw data'!G6 -> 62 | H4: ='Raw data'!H6 -> 300
A5: ='Raw data'!A7 -> 4 | B5: ='Raw data'!B7 -> Meena Patel | C5: ='Raw data'!C7 -> 92 | D5: ='Raw data'!D7 -> 89 | E5: ='Raw data'!E7 -> 88 | F5: ='Raw data'!F7 -> 85 | G5: ='Raw data'!G7 -> 87 | H5: ='Raw data'!H7 -> 441
A6: ='Raw data'!A8 -> 5 | B6: ='Raw data'!B8 -> Deepak Joshi | C6: ='Raw data'!C8 -> 50 | D6: ='Raw data'!D8 -> 45 | E6: ='Raw data'!E8 -> 48 | F6: ='Raw data'!F8 -> 52 | G6: ='Raw data'!G8 -> 47 | H6: ='Raw data'!H8 -> 242
A7: ='Raw data'!A9 -> 6 | B7: ='Raw data'!B9 -> Sunita Das | C7: ='Raw data'!C9 -> 88 | D7: ='Raw data'!D9 -> 85 | E7: ='Raw data'!E9 -> 90 | F7: ='Raw data'!F9 -> 87 | G7: ='Raw data'!G9 -> 89 | H7: ='Raw data'!H9 -> 439
A8: ='Raw data'!A10 -> 7 | B8: ='Raw data'!B10 -> Manoj Tiwari | C8: ='Raw data'!C10 -> 70 | D8: ='Raw data'!D10 -> 68 | E8: ='Raw data'!E10 -> 65 | F8: ='Raw data'!F10 -> 72 | G8: ='Raw data'!G10 -> 69 | H8: ='Raw data'!H10 -> 344
A9: ='Raw data'!A11 -> 8 | B9: ='Raw data'!B11 -> Neha Verma | C9: ='Raw data'!C11 -> 95 | D9: ='Raw data'!D11 -> 92 | E9: ='Raw data'!E11 -> 94 | F9: ='Raw data'!F11 -> 90 | G9: ='Raw data'!G11 -> 93 | H9: ='Raw data'!H11 -> 464
A10: ='Raw data'!A12 -> 9 | B10: ='Raw data'!B12 -> Rohan Mehta | C10: ='Raw data'!C12 -> 60 | D10: ='Raw data'!D12 -> 55 | E10: ='Raw data'!E12 -> 58 | F10: ='Raw data'!F12 -> 62 | G10: ='Raw data'!G12 -> 57 | H10: ='Raw data'!H12 -> 292
A11: ='Raw data'!A13 -> 10 | B11: ='Raw data'!B13 -> Anjali Gupta | C11: ='Raw data'!C13 -> 82 | D11: ='Raw data'!D13 -> 78 | E11: ='Raw data'!E13 -> 80 | F11: ='Raw data'!F13 -> 75 | G11: ='Raw data'!G13 -> 85 | H11: ='Raw data'!H13 -> 400
A12: ='Raw data'!A14 -> 11 | B12: ='Raw data'!B14 -> Arjun Malhotra | C12: ='Raw data'!C14 -> 75 | D12: ='Raw data'!D14 -> 72 | E12: ='Raw data'!E14 -> 70 | F12: ='Raw data'!F14 -> 74 | G12: ='Raw data'!G14 -> 76 | H12: ='Raw data'!H14 -> 367
... A36: ='Raw data'!A38 -> 35 | B36: ='Raw data'!B38 -> Rohit Gupta | C36: ='Raw data'!C38 -> 76 | D36: ='Raw data'!D38 -> 74 | E36: ='Raw data'!E38 -> 78 | F36: ='Raw data'!F38 -> 80 | G36: ='Raw data'!G38 -> 77 | H36: ='Raw data'!H38 -> 385
C38: MAX | D38: MAX | E38: MAX | F38: MAX | G38: MAX | H38: MAX AVG
C39: =MAX('Raw data'!C:C) -> 95 | D39: =MAX('Raw data'!D:D) -> 92 | E39: =MAX('Raw data'!E:E) -> 95 | F39: =MAX('Raw data'!F:F) -> 93 | G39: =MAX('Raw data'!G:G) -> 94 | H39: =AVERAGE(C39:G39) -> 93.8
C40: MIN | D40: MIN | E40: MIN | F40: MIN | G40: MIN | H40: MIN AVG | XFD40: MIN
C41: =MIN('Raw data'!C:C) -> 50 | D41: =MIN('Raw data'!D:D) -> 45 | E41: =MIN('Raw data'!E:E) -> 48 | F41: =MIN('Raw data'!F:F) -> 52 | G41: =MIN('Raw data'!G:G) -> 47 | H41: =AVERAGE(C41:G41) -> 48.4
C42: AVG | D42: AVG | E42: AVG | F42: AVG | G42: AVG
C43: =AVERAGE(C2:C36) -> 76.8 | D43: =AVERAGE(D2:D36) -> 74.171429 | E43: =AVERAGE(E2:E36) -> 76.8 | F43: =AVERAGE(F2:F36) -> 77.057143 | G43: =AVERAGE(G2:G36) -> 76.771429
A45: Total Student | B45: =COUNT('Raw data'!A:A) -> 35

Sheet pivot table
A1: Sum of Math | B1: Sum of Physics | C1: Sum of Chemistry | D1: Sum of Biology | E1: Sum of English
A2: 2688 | B2: 2596 | C2: 2688 | D2: 2697 | E2: 2687
G3: Row Labels | H3: Sum of English | I3: Sum of Biology | J3: Sum of Chemistry | K3: Sum of Physics | L3: Sum of Math
G4: Fail | H4: 270 | I4: 292 | J4: 272 | K4: 259 | L4: 279
G5: Pass | H5: 2417 | I5: 2405 | J5: 2416 | K5: 2337 | L5: 2409
G6: Grand Total | H6: 2687 | I6: 2697 | J6: 2688 | K6: 2596 | L6: 2688
